"COD_VAR";"LIB_VAR";"COD_MOD";"LIB_MOD"
"ACCOUNTING_ENTRY";"Position de compte";"C";"Ressource ou crédit"
"ACCOUNTING_ENTRY";"Position de compte";"D";"Emploi ou débit"
"ACCOUNTING_ENTRY";"Position de compte";"B";"Solde"
"ACCOUNTING_ENTRY";"Position de compte";"_Z";"Non applicable"
"CONF_STATUS";"Statut de confidentialité";"F";"Diffusable"
"CONSOLIDATION";"Consolidation";"N";"Non consolidé"
"CONSOLIDATION";"Consolidation";"C";"Consolidé"
"CONSOLIDATION";"Consolidation";"P";"Partiellement consolidé ou agrégat contenant à la fois des valeurs consolidées et non consolidées"
"CONSOLIDATION";"Consolidation";"CI";"Consolidant"
"CONSOLIDATION";"Consolidation";"CC";"Données consolidées intra et inter"
"CONSOLIDATION";"Consolidation";"FC_INTRA";"FC_INTRA"
"CONSOLIDATION";"Consolidation";"FC_INTRA_INTER";"FC_INTRA_INTER"
"COUNTERPART_AREA";"Zone de contrepartie";"W0";"Monde"
"COUNTERPART_AREA";"Zone de contrepartie";"W1";"Reste du monde"
"COUNTERPART_AREA";"Zone de contrepartie";"W08";"Intérieur vis-à-vis du monde plus reste du monde vis-à-vis de l'intérieur"
"COUNTERPART_AREA";"Zone de contrepartie";"B01";"Pays de l’Union Européenne participant au mécanisme de surveillance unique"
"COUNTERPART_AREA";"Zone de contrepartie";"I9";"Pays membres de la Zone Euro (composition fixe, au 1er janvier 2023)"
"COUNTERPART_AREA";"Zone de contrepartie";"K11";"Pays membres de l’Union Européenne et hors de la Zone Euro (composition fixe, au 1er janvier 2023)"
"COUNTERPART_AREA";"Zone de contrepartie";"D6";"Pays hors pays membres de l’Union Européenne (composition fixe, au 31 janvier 2020,  post brexit)"
"COUNTERPART_AREA";"Zone de contrepartie";"W2";"Territoire national"
"COUNTERPART_AREA";"Zone de contrepartie";"4Y";"Institutions de l’Union Européenne"
"COUNTERPART_AREA";"Zone de contrepartie";"B6";"Pays membres de l’Union Européenne (composition fixe, au 31 janvier 2020, post brexit)"
"COUNTERPART_AREA";"Zone de contrepartie";"J9";"Pays hors pays membres de la Zone Euro (composition fixe, au 1er janvier 2023)"
"COUNTERPART_SECTOR";"Secteur institutionnel de contrepartie";"S1";"Économie totale"
"COUNTERPART_SECTOR";"Secteur institutionnel de contrepartie";"S212";"Institutions de l’Union Européenne"
"COUNTERPART_SECTOR";"Secteur institutionnel de contrepartie";"S2";"Reste du monde"
"COUNTERPART_SECTOR";"Secteur institutionnel de contrepartie";"S1312";"Administration d’états fédérés (à l’exclusion de la sécurité sociale)"
"COUNTERPART_SECTOR";"Secteur institutionnel de contrepartie";"S1313";"Administrations locales (à l’exclusion de la sécurité sociale)"
"COUNTERPART_SECTOR";"Secteur institutionnel de contrepartie";"S1314";"Administrations de sécurité sociale"
"COUNTERPART_SECTOR";"Secteur institutionnel de contrepartie";"S1311";"Administration centrale (à l’exclusion de la sécurité sociale)"
"DECIMALS";"Décimales";"1";"Un"
"DECIMALS";"Décimales";"3";"Trois"
"DECIMALS";"Décimales";"0";"Zéro"
"FREQ";"Fréquence";"A";"Annuel"
"INSTR_ASSET";"Classe d'actifs passifs";"_Z";"Total"
"INSTR_ASSET";"Classe d'actifs passifs";"F";"Total"
"INSTR_ASSET";"Classe d'actifs passifs";"F2";"Numéraire et dépôts"
"INSTR_ASSET";"Classe d'actifs passifs";"F22";"Dépôts transférables"
"INSTR_ASSET";"Classe d'actifs passifs";"F29";"Autres dépôts"
"INSTR_ASSET";"Classe d'actifs passifs";"F3";"Titres de créance"
"INSTR_ASSET";"Classe d'actifs passifs";"F1";"Or monétaire et droits de tirage spéciaux (DTS)"
"INSTR_ASSET";"Classe d'actifs passifs";"F21";"Numéraire"
"INSTR_ASSET";"Classe d'actifs passifs";"F32";"Titres de créance à long terme"
"INSTR_ASSET";"Classe d'actifs passifs";"F31";"Titres de créance à court terme"
"INSTR_ASSET";"Classe d'actifs passifs";"F4";"Crédits"
"INSTR_ASSET";"Classe d'actifs passifs";"F41";"Crédits à court terme"
"INSTR_ASSET";"Classe d'actifs passifs";"F42";"Crédits à long terme"
"INSTR_ASSET";"Classe d'actifs passifs";"F5";"Actions et parts de fonds d’investissement"
"INSTR_ASSET";"Classe d'actifs passifs";"F51";"Actions"
"INSTR_ASSET";"Classe d'actifs passifs";"F511";"Actions cotées"
"INSTR_ASSET";"Classe d'actifs passifs";"F512";"Actions non cotées"
"INSTR_ASSET";"Classe d'actifs passifs";"F519";"Autres participations "
"INSTR_ASSET";"Classe d'actifs passifs";"F52";"Parts de fonds d’investissement"
"INSTR_ASSET";"Classe d'actifs passifs";"F522";"Parts de fonds d’investissement non monétaires"
"INSTR_ASSET";"Classe d'actifs passifs";"F521";"Parts de fonds d’investissement monétaires"
"INSTR_ASSET";"Classe d'actifs passifs";"F6";"Systèmes d’assurance, de pension et de garanties standard"
"INSTR_ASSET";"Classe d'actifs passifs";"F61";"Provisions techniques d’assurance dommages"
"INSTR_ASSET";"Classe d'actifs passifs";"F7";"Produits financiers dérivés et options sur titres des salariés"
"INSTR_ASSET";"Classe d'actifs passifs";"F62";"Droits sur les assurances vie et rentes"
"INSTR_ASSET";"Classe d'actifs passifs";"F71";"Produits financiers dérivés"
"INSTR_ASSET";"Classe d'actifs passifs";"F8";"Autres comptes à recevoir / à payer"
"INSTR_ASSET";"Classe d'actifs passifs";"F66";"Réserves pour appels dans le cadre de garanties standard"
"INSTR_ASSET";"Classe d'actifs passifs";"F81";"Crédits commerciaux et avances"
"INSTR_ASSET";"Classe d'actifs passifs";"F89";"Autres comptes à recevoir / à payer, hors crédits commerciaux et avances"
"INSTR_ASSET";"Classe d'actifs passifs";"B90";"Valeur nette"
"INSTR_ASSET";"Classe d'actifs passifs";"FONDP";"Fonds propres"
"INSTR_ASSET";"Classe d'actifs passifs";"FN";"Total des actifs"
"INSTR_ASSET";"Classe d'actifs passifs";"NG";"Total des actifs non financiers (brut)"
"INSTR_ASSET";"Classe d'actifs passifs";"N1G";"Actifs non financiers produits (brut)"
"INSTR_ASSET";"Classe d'actifs passifs";"N11G";"Actifs fixes par type d’actifs (brut)"
"INSTR_ASSET";"Classe d'actifs passifs";"N11KG";"Constructions (brut)"
"INSTR_ASSET";"Classe d'actifs passifs";"N1121G";"Bâtiments non résidentiels (brut)"
"INSTR_ASSET";"Classe d'actifs passifs";"N111G";"Logements (brut)"
"INSTR_ASSET";"Classe d'actifs passifs";"N1122G";"Autres ouvrages de génie civil (brut)"
"INSTR_ASSET";"Classe d'actifs passifs";"N1132G";"Équipements TIC (brut)"
"INSTR_ASSET";"Classe d'actifs passifs";"N113G";"Machines et équipements (brut)"
"INSTR_ASSET";"Classe d'actifs passifs";"N112G";"Autres bâtiments et ouvrages de génie civil (brut)"
"INSTR_ASSET";"Classe d'actifs passifs";"N1139G";"Autres machines et équipements (brut)"
"INSTR_ASSET";"Classe d'actifs passifs";"N1171G";"Recherche et développement (brut)"
"INSTR_ASSET";"Classe d'actifs passifs";"N1173G";"Logiciels et bases de données (brut)"
"INSTR_ASSET";"Classe d'actifs passifs";"N1131G";"Matériels de transport (brut)"
"INSTR_ASSET";"Classe d'actifs passifs";"N114G";"Systèmes d’armes (brut)"
"INSTR_ASSET";"Classe d'actifs passifs";"N115G";"Ressources biologiques cultivées (brut)"
"INSTR_ASSET";"Classe d'actifs passifs";"N117G";"Droits de propriété intellectuelle (brut)"
"INSTR_ASSET";"Classe d'actifs passifs";"N1174G";"Œuvres récréatives, littéraires ou artistiques originales (brut)"
"INSTR_ASSET";"Classe d'actifs passifs";"N12";"Stocks par type de stocks"
"INSTR_ASSET";"Classe d'actifs passifs";"N13";"Objets de valeur"
"INSTR_ASSET";"Classe d'actifs passifs";"N1ON";"Actifs fixes et stocks (N11 + N12)"
"INSTR_ASSET";"Classe d'actifs passifs";"N11MG";"Machines et équipement + systèmes d’armes (N113 + N114) (brut)"
"INSTR_ASSET";"Classe d'actifs passifs";"N11321G";"Matériel informatique (brut)"
"INSTR_ASSET";"Classe d'actifs passifs";"N11322G";"Matériel de communication (brut)"
"INSTR_ASSET";"Classe d'actifs passifs";"N11OG";"Autres machines et équipements + systèmes d’armes (N1139+N114) (brut)"
"INSTR_ASSET";"Classe d'actifs passifs";"N";"Total des actifs non financiers"
"INSTR_ASSET";"Classe d'actifs passifs";"N11";"Actifs fixes par type d’actifs"
"INSTR_ASSET";"Classe d'actifs passifs";"N11K";"Constructions"
"INSTR_ASSET";"Classe d'actifs passifs";"N1121";"Bâtiments non résidentiels"
"INSTR_ASSET";"Classe d'actifs passifs";"N1";"Actifs non financiers produits"
"INSTR_ASSET";"Classe d'actifs passifs";"N111";"Logements"
"INSTR_ASSET";"Classe d'actifs passifs";"N1132";"Équipements TIC"
"INSTR_ASSET";"Classe d'actifs passifs";"N1122";"Autres ouvrages de génie civil"
"INSTR_ASSET";"Classe d'actifs passifs";"N112";"Autres bâtiments et ouvrages de génie civil"
"INSTR_ASSET";"Classe d'actifs passifs";"N1139";"Autres machines et équipements"
"INSTR_ASSET";"Classe d'actifs passifs";"N113";"Machines et équipements"
"INSTR_ASSET";"Classe d'actifs passifs";"N114";"Systèmes d’armes"
"INSTR_ASSET";"Classe d'actifs passifs";"N1131";"Matériels de transport"
"INSTR_ASSET";"Classe d'actifs passifs";"N115";"Ressources biologiques cultivées"
"INSTR_ASSET";"Classe d'actifs passifs";"N117";"Droits de propriété intellectuelle"
"INSTR_ASSET";"Classe d'actifs passifs";"N1171";"Recherche et développement"
"INSTR_ASSET";"Classe d'actifs passifs";"N1173";"Logiciels et bases de données"
"INSTR_ASSET";"Classe d'actifs passifs";"N2";"Actifs non financiers non produits"
"INSTR_ASSET";"Classe d'actifs passifs";"N21";"Ressources naturelles"
"INSTR_ASSET";"Classe d'actifs passifs";"N1174";"Œuvres récréatives, littéraires ou artistiques originales"
"INSTR_ASSET";"Classe d'actifs passifs";"N211";"Terrains"
"INSTR_ASSET";"Classe d'actifs passifs";"N1M";"Stocks et objets de valeur (N12 + N13)"
"INSTR_ASSET";"Classe d'actifs passifs";"N2111";"Terrains supportant des bâtiments et des ouvrages de génie civil"
"INSTR_ASSET";"Classe d'actifs passifs";"N2112";"Terrains cultivés"
"INSTR_ASSET";"Classe d'actifs passifs";"N23";"Achats moins ventes de fonds commerciaux et d’autres actifs commerciaux"
"INSTR_ASSET";"Classe d'actifs passifs";"N2119";"Autres terrains et plans d’eau"
"INSTR_ASSET";"Classe d'actifs passifs";"N2113";"Terrains et plans d’eau de loisirs"
"INSTR_ASSET";"Classe d'actifs passifs";"N22";"Contrats, baux et licences "
"INSTR_ASSET";"Classe d'actifs passifs";"N214";"Ressources en eau"
"INSTR_ASSET";"Classe d'actifs passifs";"NN";"Total des actifs non financiers (net)"
"INSTR_ASSET";"Classe d'actifs passifs";"N212";"Réserves de minerais et de produits énergétiques"
"INSTR_ASSET";"Classe d'actifs passifs";"N1N";"Actifs non financiers produits (net)"
"INSTR_ASSET";"Classe d'actifs passifs";"N11N";"Actifs fixes par type d’actifs (net)"
"INSTR_ASSET";"Classe d'actifs passifs";"N11KN";"Constructions (net)"
"INSTR_ASSET";"Classe d'actifs passifs";"N111N";"Logements (net)"
"INSTR_ASSET";"Classe d'actifs passifs";"N112N";"Autres bâtiments et ouvrages de génie civil (net)"
"INSTR_ASSET";"Classe d'actifs passifs";"N1121N";"Bâtiments non résidentiels (net)"
"INSTR_ASSET";"Classe d'actifs passifs";"N113N";"Machines et équipements (net)"
"INSTR_ASSET";"Classe d'actifs passifs";"N1122N";"Autres ouvrages de génie civil (net)"
"INSTR_ASSET";"Classe d'actifs passifs";"N1132N";"Équipements TIC (net)"
"INSTR_ASSET";"Classe d'actifs passifs";"N1131N";"Matériels de transport (net)"
"INSTR_ASSET";"Classe d'actifs passifs";"N1139N";"Autres machines et équipements (net)"
"INSTR_ASSET";"Classe d'actifs passifs";"N114N";"Systèmes d’armes (net)"
"INSTR_ASSET";"Classe d'actifs passifs";"N117N";"Droits de propriété intellectuelle (net)"
"INSTR_ASSET";"Classe d'actifs passifs";"N11MN";"Machines et équipement + systèmes d’armes (N113 + N114) (net)"
"INSTR_ASSET";"Classe d'actifs passifs";"N11321N";"Matériel informatique (net)"
"INSTR_ASSET";"Classe d'actifs passifs";"N1171N";"Recherche et développement (net)"
"INSTR_ASSET";"Classe d'actifs passifs";"N11322N";"Matériel de communication (net)"
"INSTR_ASSET";"Classe d'actifs passifs";"N115N";"Ressources biologiques cultivées (net)"
"INSTR_ASSET";"Classe d'actifs passifs";"N11ON";"Autres machines et équipements + systèmes d’armes (N1139+N114) (net)"
"INSTR_ASSET";"Classe d'actifs passifs";"N1173N";"Logiciels et bases de données (net)"
"INSTR_ASSET";"Classe d'actifs passifs";"N1174N";"Œuvres récréatives, littéraires ou artistiques originales (net)"
"INSTR_ASSET";"Classe d'actifs passifs";"N12N";"Stocks par type de stocks (net)"
"INSTR_ASSET";"Classe d'actifs passifs";"N13N";"Objets de valeur (net)"
"INSTR_ASSET";"Classe d'actifs passifs";"N1MN";"Stocks et objets de valeur (N12 + N13) (net)"
"INSTR_ASSET";"Classe d'actifs passifs";"N21N";"Ressources naturelles (net)"
"INSTR_ASSET";"Classe d'actifs passifs";"N2N";"Actifs non financiers non produits (net)"
"INSTR_ASSET";"Classe d'actifs passifs";"N211N";"Terrains (net)"
"INSTR_ASSET";"Classe d'actifs passifs";"N2111N";"Terrains supportant des bâtiments et des ouvrages de génie civil (net)"
"INSTR_ASSET";"Classe d'actifs passifs";"N2112N";"Terrains cultivés (net)"
"INSTR_ASSET";"Classe d'actifs passifs";"N2113X2119N";"Autres terrains et plans d’eau associés (net)"
"INSTR_ASSET";"Classe d'actifs passifs";"N2113N";"Terrains et plans d’eau de loisirs (net)"
"INSTR_ASSET";"Classe d'actifs passifs";"N214N";"Ressources en eau (net)"
"INSTR_ASSET";"Classe d'actifs passifs";"N2119N";"Autres terrains et plans d’eau (net)"
"INSTR_ASSET";"Classe d'actifs passifs";"N21111N";"Terrains supportant des logements (net)"
"INSTR_ASSET";"Classe d'actifs passifs";"N21119N";"Autres terrains bâtis (net)"
"INSTR_ASSET";"Classe d'actifs passifs";"N22N";"Contrats, baux et licences  (net)"
"INSTR_ASSET";"Classe d'actifs passifs";"N212N";"Réserves de minerais et de produits énergétiques (net)"
"INSTR_ASSET";"Classe d'actifs passifs";"N23N";"Achats moins ventes de fonds commerciaux et d’autres actifs commerciaux (net)"
"INSTR_ASSET";"Classe d'actifs passifs";"N21ON";"Ressources biologiques non cultivées et ressources en eau (N213+N214)"
"INSTR_ASSET";"Classe d'actifs passifs";"N215N";"Autres ressources naturelles (net)"
"INSTR_ASSET";"Classe d'actifs passifs";"N1172N";"Prospection minière et évaluation (net)"
"INSTR_ASSET";"Classe d'actifs passifs";"N1179N";"Autres droits de propriété intellectuelle (net)"
"INSTR_ASSET";"Classe d'actifs passifs";"F298";"Intérêts courus non échus sur dépôts"
"INSTR_ASSET";"Classe d'actifs passifs";"F31_32";"Titres de créance à court et long terme"
"INSTR_ASSET";"Classe d'actifs passifs";"F48";"Intérêts courus non échus sur crédits "
"INSTR_ASSET";"Classe d'actifs passifs";"F511X52";"Autres actifs liquides"
"INSTR_ASSET";"Classe d'actifs passifs";"F2M";"Dépôts"
"INSTR_ASSET";"Classe d'actifs passifs";"F2N";"Dépôts hors intérêts courus non échus"
"INSTR_ASSET";"Classe d'actifs passifs";"F7_8";"Produits financiers dérivés et options sur titres des salariés, Autres comptes à recevoir / à payer "
"INSTR_ASSET";"Classe d'actifs passifs";"CD";"Corrections pour le passage à la dette consolidée"
"INSTR_ASSET";"Classe d'actifs passifs";"DEDC";"Différence de champ entre les passifs des APU et la dette au sens de Maastricht"
"INSTR_ASSET";"Classe d'actifs passifs";"DETNET";"Dette nette"
"INSTR_ASSET";"Classe d'actifs passifs";"F38";"Intérêts courus non échus sur obligations"
"INSTR_ASSET";"Classe d'actifs passifs";"GD";"Dette au sens de Maastricht"
"INSTR_ASSET";"Classe d'actifs passifs";"VN";"Corrections pour passage à la valeur nominale de la dette"
"INSTR_ASSET";"Classe d'actifs passifs";"EV";"EV"
"MATURITY";"Maturité";"_Z";"Non applicable"
"MATURITY";"Maturité";"T";"Toutes maturités à l’origine"
"MATURITY";"Maturité";"L";"Maturité à l’origine de long terme (Plus d’un an ou non précisé)"
"MATURITY";"Maturité";"S";"Maturité à l’origine courte (jusqu’à 1 an)"
"OBS_STATUS";"Statut de l'observation";"P";"Valeur provisoire"
"OBS_STATUS";"Statut de l'observation";"A";"Normale"
"OBS_STATUS";"Statut de l'observation";"M";"Valeur manquante : les données n’existent pas (sans objet : so)"
"OBS_STATUS";"Statut de l'observation";"L";"Valeur manquante : les données existent mais ne sont pas collectées (non disponible : nd)"
"OBS_STATUS_FR";"Version";"PROV";"Provisoire"
"OBS_STATUS_FR";"Version";"SD";"Semi-définitif"
"OBS_STATUS_FR";"Version";"D";"Définitif"
"PRICES";"Valorisation des prix";"V";"En valeur aux prix courants"
"PRICES";"Valorisation des prix";"U";"Au coût de remplacement"
"PRICES";"Valorisation des prix";"_Z";"Non applicable"
"REF_SECTOR";"Secteur institutionnel";"S1";"Économie totale"
"REF_SECTOR";"Secteur institutionnel";"S14B";"Ménages hors entrepreneurs individuels"
"REF_SECTOR";"Secteur institutionnel";"S11";"Sociétés non financières"
"REF_SECTOR";"Secteur institutionnel";"S12";"Sociétés financières"
"REF_SECTOR";"Secteur institutionnel";"S12K64";"Sociétés financières : services principalement financiers, hors assurance"
"REF_SECTOR";"Secteur institutionnel";"S1314";"Administrations de sécurité sociale"
"REF_SECTOR";"Secteur institutionnel";"S12K65";"Sociétés financières : services principalement d’assurance"
"REF_SECTOR";"Secteur institutionnel";"S14";"Ménages"
"REF_SECTOR";"Secteur institutionnel";"S13";"Administrations publiques"
"REF_SECTOR";"Secteur institutionnel";"S15";"Institutions sans but lucratif au services des ménages"
"REF_SECTOR";"Secteur institutionnel";"S1311";"Administration centrale (à l’exclusion de la sécurité sociale)"
"REF_SECTOR";"Secteur institutionnel";"S13111";"État"
"REF_SECTOR";"Secteur institutionnel";"S13112";"Organismes divers d’administration centrale"
"REF_SECTOR";"Secteur institutionnel";"S1313";"Administrations locales (à l’exclusion de la sécurité sociale)"
"REF_SECTOR";"Secteur institutionnel";"S11X14AA";"Sociétés et entreprises individuelles non financières"
"REF_SECTOR";"Secteur institutionnel";"S12X14AF";"Sociétés et entreprises individuelles financières"
"REF_SECTOR";"Secteur institutionnel";"S14AA";"Entreprises individuelles non financières"
"REF_SECTOR";"Secteur institutionnel";"S13131";"Collectivités locales"
"REF_SECTOR";"Secteur institutionnel";"S13132";"Organismes divers d’administration locale"
"REF_SECTOR";"Secteur institutionnel";"S13142";"Organismes dépendants des assurances sociales"
"REF_SECTOR";"Secteur institutionnel";"S13141";"Régimes d’assurances sociales"
"REF_SECTOR";"Secteur institutionnel";"SZU";"Institutions de l’Union Européenne"
"REF_SECTOR";"Secteur institutionnel";"S1M";"Ménages et institutions sans but lucratif au services des ménages"
"REF_SECTOR";"Secteur institutionnel";"S12K66";"Sociétés financières : services principalement d’auxiliaires financiers"
"REF_SECTOR";"Secteur institutionnel";"S1312";"Administration d’états fédérés (à l’exclusion de la sécurité sociale)"
"REF_SECTOR";"Secteur institutionnel";"S2";"Reste du monde"
"REF_SECTOR";"Secteur institutionnel";"SBS";"Biens et services"
"REF_SECTOR";"Secteur institutionnel";"S10";"Total des secteurs résidents"
"REF_SECTOR";"Secteur institutionnel";"S1N";"Non sectorisé"
"REF_SECTOR";"Secteur institutionnel";"SZV";"Administrations publiques et institutions et organes de l’Union européenne"
"REF_SECTOR";"Secteur institutionnel";"S131311";"Communes"
"REF_SECTOR";"Secteur institutionnel";"S131312";"Départements"
"REF_SECTOR";"Secteur institutionnel";"S131313";"Régions"
"REF_SECTOR";"Secteur institutionnel";"S131314";"Syndicats"
"STO";"Opération comptable";"P1";"Production"
"STO";"Opération comptable";"P4";"Consommation finale effective"
"STO";"Opération comptable";"P2";"Consommation intermédiaire"
"STO";"Opération comptable";"P51G";"Formation brute de capital fixe"
"STO";"Opération comptable";"LE";"Clôture du bilan/positions/flux"
"STO";"Opération comptable";"LE_N";"Patrimoine en fin d'année"
"STO";"Opération comptable";"P52";"Variation des stocks"
"STO";"Opération comptable";"D1";"Rémunération des salariés"
"STO";"Opération comptable";"P6";"Exportations de biens et services"
"STO";"Opération comptable";"D11";"Salaires et traitements bruts"
"STO";"Opération comptable";"B1G";"Valeur ajoutée brute"
"STO";"Opération comptable";"P7";"Importations de biens et services"
"STO";"Opération comptable";"B2A3G";"Excédent brut d’exploitation et revenu mixte brut"
"STO";"Opération comptable";"B2G";"Excédent brut d’exploitation"
"STO";"Opération comptable";"B11";"Solde des échanges extérieurs de biens et services"
"STO";"Opération comptable";"P31";"Dépense de consommation individuelle"
"STO";"Opération comptable";"P32";"Dépense de consommation collective"
"STO";"Opération comptable";"F";"Flux d’actifs ou passifs"
"STO";"Opération comptable";"KA_ACTIFS_TOTAL";"Autres changements de volume et ajustements"
"STO";"Opération comptable";"K7_ACTIFS_TOTAL";"Réévaluation"
"STO";"Opération comptable";"D29";"Autres impôts sur la production"
"STO";"Opération comptable";"D291";"Impôts sur les salaires et la main d’œuvre"
"STO";"Opération comptable";"D292";"Impôts divers sur la production"
"STO";"Opération comptable";"P3";"Dépense de consommation finale"
"STO";"Opération comptable";"P53";"Acquisitions moins cessions d’objets de valeur"
"STO";"Opération comptable";"D3";"Subventions"
"STO";"Opération comptable";"D121";"Cotisations sociales effectives à la charge des employeurs"
"STO";"Opération comptable";"D31";"Subventions sur les produits"
"STO";"Opération comptable";"D122";"Cotisations sociales imputées à la charge des employeurs"
"STO";"Opération comptable";"B3G";"Revenu mixte brut"
"STO";"Opération comptable";"D39";"Autres subventions sur la production"
"STO";"Opération comptable";"D2";"Impôts sur la production et les importations"
"STO";"Opération comptable";"D4";"Revenus de la propriété"
"STO";"Opération comptable";"D7";"Autres transferts courants"
"STO";"Opération comptable";"D21";"Impôts sur les produits"
"STO";"Opération comptable";"B5GQ";"Revenu national brut"
"STO";"Opération comptable";"B6GQ";"Revenu national disponible brut"
"STO";"Opération comptable";"B9";"Capacité (+) ou besoin (-) de financement"
"STO";"Opération comptable";"P131";"Paiements au titre de la production non marchande"
"STO";"Opération comptable";"P1O";"Production marchande, production pour emploi final propre et paiements au titre de la production non marchande"
"STO";"Opération comptable";"P1M";"Production marchande et production pour usage final propre"
"STO";"Opération comptable";"B1GQ";"Produit intérieur brut"
"STO";"Opération comptable";"P132";"Autre production non marchande"
"STO";"Opération comptable";"P11";"Production marchande"
"STO";"Opération comptable";"P12";"Production pour usage final propre"
"STO";"Opération comptable";"P5L";"Acquisition nette d’actifs non financiers"
"STO";"Opération comptable";"P5K";"Autres acquisitions moins cessions d’actifs non financiers"
"STO";"Opération comptable";"P5M";"Variation stocks + Acquis, moins cessions objets valeur (OPP52+OPP53)"
"STO";"Opération comptable";"D41";"Intérêts"
"STO";"Opération comptable";"D41G";"Intérêts bruts de correction SIFIM"
"STO";"Opération comptable";"D4N";"Autres revenus de la propriété (D42 + D43 + D44 + D45)"
"STO";"Opération comptable";"D441";"Revenus d’investissements attribués aux assurés"
"STO";"Opération comptable";"D42";"Revenus distribués des sociétés"
"STO";"Opération comptable";"D443";"Revenus d’investissements attribués aux détenteurs de parts de fonds d’investissement"
"STO";"Opération comptable";"D5";"Impôts courants sur le revenu, le patrimoine, etc."
"STO";"Opération comptable";"D421";"Dividendes"
"STO";"Opération comptable";"D43";"Bénéfices réinvestis d’investissements directs étrangers"
"STO";"Opération comptable";"D44";"Revenus d’investissements"
"STO";"Opération comptable";"D51M";"Impôts sur le revenu des personnes physiques ou des ménages, y compris les gains de détention (D51a + D51c1)"
"STO";"Opération comptable";"D632";"Transferts sociaux en nature – production marchande achetée"
"STO";"Opération comptable";"D51O";"Impôts sur le revenu ou les bénéfices des sociétés, y compris les gains de détention (D51b + D51c2)"
"STO";"Opération comptable";"D45";"Loyers"
"STO";"Opération comptable";"D61";"Cotisations sociales nettes"
"STO";"Opération comptable";"D612";"Cotisations sociales imputées à la charge des employeurs"
"STO";"Opération comptable";"D71";"Primes nettes d’assurance-dommages"
"STO";"Opération comptable";"D62";"Prestations sociales autres que transferts sociaux en nature"
"STO";"Opération comptable";"D72";"Indemnités d’assurance-dommages"
"STO";"Opération comptable";"D73";"Transferts courants entre administrations publiques"
"STO";"Opération comptable";"D75";"Transferts courants divers"
"STO";"Opération comptable";"D76";"Ressources propres de l’UE fondées sur la TVA et le RNB"
"STO";"Opération comptable";"D74";"Coopération internationale courante"
"STO";"Opération comptable";"OTE";"Total des dépenses des administrations publiques"
"STO";"Opération comptable";"D91";"Impôts en capital"
"STO";"Opération comptable";"D91R";"Impôts en capital à recevoir"
"STO";"Opération comptable";"OTR";"Total des recettes des administrations publiques"
"STO";"Opération comptable";"D99P";"Autres transferts en capital à payer"
"STO";"Opération comptable";"D99R";"Autres transferts en capital à recevoir"
"STO";"Opération comptable";"B8G";"Épargne brute"
"STO";"Opération comptable";"P5";"Formation brute de capital/Formation nette de capital"
"STO";"Opération comptable";"D995";"Transferts en capital pour admissions en non valeur"
"STO";"Opération comptable";"D995R";"Transferts en capital pour admissions en non valeur à recevoir"
"STO";"Opération comptable";"ACTIF";"Actif non classé ailleurs"
"STO";"Opération comptable";"KA_ACTIF";"Actif non classé ailleurs en autres changements de volume et ajustements"
"STO";"Opération comptable";"ACTIFS_TOTAL";"Flux d’actifs"
"STO";"Opération comptable";"D12";"Cotisations sociales à la charge des employeurs"
"STO";"Opération comptable";"D2X3";"Impôts sur production et importations, moins subventions (D2+D3)"
"STO";"Opération comptable";"K7_ACTIF";"Actif non classé ailleurs en gains/pertes nominaux de détention"
"STO";"Opération comptable";"KA_P5";"Formation brute de capital/Formation nette de capital en autres changements de volume et ajustements"
"STO";"Opération comptable";"K7_P5";"Formation brute de capital/Formation nette de capital en gains/pertes nominaux de détention"
"STO";"Opération comptable";"K7_P51G";"Formation brute de capital fixe en gains/pertes nominaux de détention"
"STO";"Opération comptable";"P51C";"Consommation de capital fixe"
"STO";"Opération comptable";"KA_P52";"Variation des stocks en autres changements de volume et ajustements"
"STO";"Opération comptable";"K7_P52";"Variation des stocks en gains/pertes nominaux de détention"
"STO";"Opération comptable";"K7_P53";"Acquisitions moins cessions d’objets de valeur en gains/pertes nominaux de détention"
"STO";"Opération comptable";"D11X613CE";"Salaires et traitements nets"
"STO";"Opération comptable";"B5G";"Solde brut des revenus primaires"
"STO";"Opération comptable";"P72";"Importations de services"
"STO";"Opération comptable";"D613CE";"Cotisations sociales effectives obligatoires à la charge des salariés"
"STO";"Opération comptable";"B6G";"Revenu disponible brut"
"STO";"Opération comptable";"D613NSI";"Cotisations des non salariés"
"STO";"Opération comptable";"B7G";"Revenu disponible brut ajusté"
"STO";"Opération comptable";"D21X31";"Impôts moins subventions sur les produits (D21+D31)"
"STO";"Opération comptable";"D63";"Transferts sociaux en nature"
"STO";"Opération comptable";"D9PXR";"Transferts en capital reçus diminués des transferts versés"
"STO";"Opération comptable";"D4NET";"Revenus de la propriété reçus diminués des revenus versés"
"STO";"Opération comptable";"D9P";"Transferts en capital à payer"
"STO";"Opération comptable";"D29X39";"Autres impôts sur la production moins autres subventions sur la production"
"STO";"Opération comptable";"B2A3N";"Excédent d’exploitation/revenu mixte net de CCF"
"STO";"Opération comptable";"D9R";"Transferts en capital à recevoir"
"STO";"Opération comptable";"P61";"Exportations de biens"
"STO";"Opération comptable";"P62";"Exportation de services"
"STO";"Opération comptable";"P71";"Importations de biens"
"STO";"Opération comptable";"P13";"Production non marchande"
"STO";"Opération comptable";"NP";"Acquisitions moins cessions d’actifs non produits"
"STO";"Opération comptable";"D212";"Impôts et droits sur les importations, à l’exclusion de la TVA"
"STO";"Opération comptable";"D214";"Impôts sur les produits, à l‘exclusion de la TVA et des impôts sur les importations"
"STO";"Opération comptable";"D392";"Bonifications d’intérêts"
"STO";"Opération comptable";"D399";"Autres subventions d’exploitation"
"STO";"Opération comptable";"D211";"Taxes de type TVA"
"STO";"Opération comptable";"D422";"Prélèvements sur les revenus des quasi-sociétés"
"STO";"Opération comptable";"D391";"Subventions sur rémunérations"
"STO";"Opération comptable";"D51";"Impôts sur le revenu"
"STO";"Opération comptable";"D613";"Cotisations sociales effectives à la charge des ménages"
"STO";"Opération comptable";"D59";"Autres impôts courants"
"STO";"Opération comptable";"D611";"Cotisations sociales effectives à la charge des employeurs"
"STO";"Opération comptable";"D614";"Suppléments de cotisations sociales à la charge des ménages"
"STO";"Opération comptable";"D61SC";"Rémunération du service des régimes d’assurance sociale"
"STO";"Opération comptable";"D622";"Autres prestations d’assurance sociale"
"STO";"Opération comptable";"D631";"Transferts sociaux en nature – production non marchande"
"STO";"Opération comptable";"D623";"Prestations d’assurance sociale en espèces"
"STO";"Opération comptable";"D621";"Prestations de sécurité sociale en espèces"
"STO";"Opération comptable";"D613CS";"Cotisations sociales effectives à la charge des travailleurs indépendants"
"STO";"Opération comptable";"D7S";"Autres transferts courants (voir note)"
"STO";"Opération comptable";"D731";"Transferts courants entre sous-secteurs des apu"
"STO";"Opération comptable";"D759";"Autres transferts courants divers"
"STO";"Opération comptable";"D732";"Transferts courants internes aux sous-secteurs des apu"
"STO";"Opération comptable";"D751";"Transferts courants aux ISBLSM"
"STO";"Opération comptable";"D73S";"Transferts courants entre administrations publiques (solde) (voir note)"
"STO";"Opération comptable";"D8";"Ajustement pour variation des droits à pension"
"STO";"Opération comptable";"D752";"Transferts courants entre ménages"
"STO";"Opération comptable";"D91P";"Impôts en capital à payer"
"STO";"Opération comptable";"B1N";"Valeur ajoutée nette de CCF"
"STO";"Opération comptable";"D92P";"Aides à l’investissement à payer"
"STO";"Opération comptable";"B2N";"Excédent d’exploitation net de CCF"
"STO";"Opération comptable";"D92R";"Aides à l’investissement à recevoir"
"STO";"Opération comptable";"B3N";"Revenu mixte net de CCF"
"STO";"Opération comptable";"B5N";"Solde des revenus primaires net de CCF"
"STO";"Opération comptable";"B7N";"Revenu disponible ajusté net de CCF"
"STO";"Opération comptable";"B6N";"Revenu disponible net de CCF"
"STO";"Opération comptable";"D9";"Transferts en capital"
"STO";"Opération comptable";"B8N";"Épargne brute net de CCF"
"STO";"Opération comptable";"D92";"Aides à l’investissement"
"STO";"Opération comptable";"D3R";"Subventions à recevoir"
"STO";"Opération comptable";"D99";"Autres transferts en capital"
"STO";"Opération comptable";"D6";"Cotisations et prestations sociales"
"STO";"Opération comptable";"B12";"Solde des opérations courantes avec l’extérieur"
"STO";"Opération comptable";"B4G";"Revenu d’entreprise brut"
"STO";"Opération comptable";"D442";"Revenus d’investissements à payer sur les droits de pension"
"STO";"Opération comptable";"YA1";"Divergence statistique (approche par la production)"
"STO";"Opération comptable";"YA2";"Divergence statistique"
"STO";"Opération comptable";"P62F";"Exportation de SIFIM"
"STO";"Opération comptable";"P72F";"Importations de SIFIM"
"STO";"Opération comptable";"D214H";"Autres impôts sur des services détermines"
"STO";"Opération comptable";"D214I";"Impôts généraux sur les ventes ou le chiffre d’affaires"
"STO";"Opération comptable";"D2121";"Droits sur les importations"
"STO";"Opération comptable";"D214L";"Autres impôts sur les produits n,c,a,"
"STO";"Opération comptable";"D2122";"Impôts sur les importations, à l’exclusion de la TVA et des droits sur les importations"
"STO";"Opération comptable";"D2122C";"Droits d’accise"
"STO";"Opération comptable";"D214A";"Droits d’accise et taxes à la consommation"
"STO";"Opération comptable";"D214B";"Droits de timbre"
"STO";"Opération comptable";"D214C";"Impôts sur les opérations financières et les opérations en capital"
"STO";"Opération comptable";"D29A";"Impôts fonciers, impôts immobiliers ou impôts sur d’autres structures"
"STO";"Opération comptable";"D214D";"Taxe sur les certificats d’immatriculation des véhicules"
"STO";"Opération comptable";"D29B";"Impôts sur l’utilisation d’actifs fixes"
"STO";"Opération comptable";"D214E";"Taxes sur les spectacles et divertissements"
"STO";"Opération comptable";"D29C";"Total des impôts sur la masse salariale"
"STO";"Opération comptable";"D214F";"Taxes sur les loteries, les jeux et les paris"
"STO";"Opération comptable";"D29E";"Patentes et licences"
"STO";"Opération comptable";"D214G";"Taxes sur les primes d’assurance"
"STO";"Opération comptable";"D29F";"Impôts sur la pollution"
"STO";"Opération comptable";"D29H";"Autres impôts nets sur la production n,c,a,"
"STO";"Opération comptable";"D51A";"Impôts sur le revenu des personnes physiques ou des ménages, a l’exclusion des gains de détention"
"STO";"Opération comptable";"D51B";"Impôts sur le revenu ou les bénéfices des sociétés a l’exclusion des gains de détention"
"STO";"Opération comptable";"D51E";"Autres impôts sur le revenu n,c,a,"
"STO";"Opération comptable";"D59A";"Impôts courants sur le capital"
"STO";"Opération comptable";"D59D";"Paiements effectués par les ménages en vue de l’obtention de licences"
"STO";"Opération comptable";"D59F";"Autres impôts courants n,c,a,"
"STO";"Opération comptable";"D611C";"Cotisations sociales effectives obligatoires à la charge des employeurs"
"STO";"Opération comptable";"D613C";"Cotisations sociales effectives obligatoires à la charge des ménages"
"STO";"Opération comptable";"D613CN";"Cotisations sociales effectives à la charge des personnes n’occupant pas un emploi"
"STO";"Opération comptable";"D613V";"Cotisations sociales effectives volontaires des ménages"
"STO";"Opération comptable";"D91A";"Impôts sur les transferts en capital"
"STO";"Opération comptable";"D91B";"Prélèvements sur le capital"
"STO";"Opération comptable";"D91C";"Autres impôts en capital n,c,a,"
"STO";"Opération comptable";"D995A";"Impôts sur les produits dus non recouvrables"
"STO";"Opération comptable";"D995B";"Autres impôts sur la production dus non recouvrables"
"STO";"Opération comptable";"D995C";"Impôts sur le revenu dus non recouvrables"
"STO";"Opération comptable";"D995D";"Autres impôts courants dus non recouvrables "
"STO";"Opération comptable";"D995E";"Cotisations sociales effectives à la charge des employeurs dues non recouvrables"
"STO";"Opération comptable";"D995FE";"Cotisations sociales effectives à la charge des salariés dues non recouvrables"
"STO";"Opération comptable";"D995FN";"Cotisations sociales effectives a la charge des non employés dues non recouvrables"
"STO";"Opération comptable";"D995FS";"Cotisations sociales effectives à la charge des travailleurs indépendants dues non recouvrable"
"STO";"Opération comptable";"D995F";"Cotisations sociales effectives à la charge des ménages dues non recouvrables"
"STO";"Opération comptable";"B1NQ";"Produit intérieur net de CCF"
"STO";"Opération comptable";"B5NQ";"Revenu national net"
"STO";"Opération comptable";"B9F";"Solde des flux nets d’actifs et passifs financiers"
"STO";"Opération comptable";"B9FX9";"Écart entre capacité ou besoin de financement et solde des flux nets d’actifs et passifs financiers (B9NF – B9F)"
"STO";"Opération comptable";"B101";"Variations de la valeur nette due à l’épargne et aux transferts de capital"
"STO";"Opération comptable";"B102";"Variation valeur nette dues aux changements de volume et ajustement"
"STO";"Opération comptable";"B103";"Variation valeur nette dues aux réévaluations"
"STO";"Opération comptable";"P311";"Dépense de consommation individuelle Biens durables"
"STO";"Opération comptable";"P312";"Dépense de consommation individuelle Biens semi-durables"
"STO";"Opération comptable";"P313";"Dépense de consommation individuelle Biens non durables"
"STO";"Opération comptable";"P314";"Dépense de consommation individuelle Services"
"STO";"Opération comptable";"P31K";"Dépense de consommation individuelle Total hors biens durables"
"STO";"Opération comptable";"EMP";"Emploi total (peut être en personnes physiques, équivalent temps plein ou en heures travaillées)"
"STO";"Opération comptable";"SELF";"Emploi des travailleurs indépendants dans les unités de production résidentes (peut être en personnes physiques, équivalent temps plein ou en heures travaillées)"
"STO";"Opération comptable";"D73APU";"Transferts courants entre administrations publiques"
"STO";"Opération comptable";"D7HAPU";"Autres transferts courants"
"STO";"Opération comptable";"SAL";"Emploi des salariés dans les unités de production résidentes (peut être en personnes physiques, équivalent temps plein ou en heures travaillées)"
"STO";"Opération comptable";"P51G_CPEFP";"Capitalisation de la production pour emploi final propre"
"STO";"Opération comptable";"TEF";"Dépenses de fonctionnement"
"STO";"Opération comptable";"TRHI";"Recettes hors éléments imputés"
"STO";"Opération comptable";"TRICS";"Impôts et cotisations sociales"
"STO";"Opération comptable";"SALD";"Emploi déclaré des salariés dans les unités de production résidentes (peut être en personnes physiques, équivalent temps plein ou en heures travaillées)"
"STO";"Opération comptable";"TEHI";"Dépenses hors éléments imputés"
"STO";"Opération comptable";"DINT";"Total de la demande intérieure en produits"
"STO";"Opération comptable";"PTC";"Total des crédits d’impôts à payer"
"STO";"Opération comptable";"TRP";"Recettes de production"
"STO";"Opération comptable";"OPAT";"Prestations et autres transferts"
"STO";"Opération comptable";"TRAT";"Autres transferts"
"STO";"Opération comptable";"PTR";"Crédits d’impôts enregistrées en recette"
"STO";"Opération comptable";"DINT_S";"Demande intérieure hors stocks"
"STO";"Opération comptable";"POPM";"Moyenne annuelle de la population en France métropolitaine"
"STO";"Opération comptable";"MA";"Déficit au sens de Maastricht"
"STO";"Opération comptable";"MENF";"Moyenne annuelle du nombre de ménages en France entière"
"STO";"Opération comptable";"MENM";"Moyenne annuelle du nombre de ménages en France métropolitaine"
"STO";"Opération comptable";"P12_GFSM_P2";"Production pour usage final propre, coût imputable à la consommation intermédiaire (finalité GFSM)"
"STO";"Opération comptable";"P12_GFSM_D1";"Production pour usage final propre, coût imputable à la rémunération des salariés (finalité GFSM)"
"STO";"Opération comptable";"P12_GFSM_P51C";"Production pour usage final propre, coût imputable à la consommation de capital fixe (finalité GFSM)"
"STO";"Opération comptable";"UC";"Unités de consommation"
"STO";"Opération comptable";"TFU";"Total des emplois finaux"
"STO";"Opération comptable";"TSBP";"Total ressources prix de base"
"STO";"Opération comptable";"RSS";"Revenus salariaux et sociaux"
"STO";"Opération comptable";"TSPP";"Total ressources prix d’acquisition"
"STO";"Opération comptable";"P3_DPE";"Dépense de consommation finale pré-engagée"
"STO";"Opération comptable";"OTTM1";"Marges de commerce"
"STO";"Opération comptable";"OTTM2";"Marges de transport"
"STO";"Opération comptable";"P3_H_DPE";"Dépense de consommation finale autre que pré-engagée"
"STO";"Opération comptable";"POP";"Population"
"STO";"Opération comptable";"TSF";"Solde des transferts sociaux et fiscaux"
"STO";"Opération comptable";"RARBI";"Revenu disponible arbitrable"
"STO";"Opération comptable";"TRANSF_COURANT";"Solde des transferts courants (reçus moins versés)"
"TIME_PERIOD";"Période temporelle";"2023";"2023"
"TIME_PERIOD";"Période temporelle";"2022";"2022"
"TIME_PERIOD";"Période temporelle";"2021";"2021"
"TIME_PERIOD";"Période temporelle";"2020";"2020"
"TIME_PERIOD";"Période temporelle";"2019";"2019"
"TIME_PERIOD";"Période temporelle";"2018";"2018"
"TIME_PERIOD";"Période temporelle";"2017";"2017"
"TIME_PERIOD";"Période temporelle";"2016";"2016"
"TIME_PERIOD";"Période temporelle";"2015";"2015"
"TIME_PERIOD";"Période temporelle";"2014";"2014"
"TIME_PERIOD";"Période temporelle";"2013";"2013"
"TIME_PERIOD";"Période temporelle";"2012";"2012"
"TIME_PERIOD";"Période temporelle";"2011";"2011"
"TIME_PERIOD";"Période temporelle";"2010";"2010"
"TIME_PERIOD";"Période temporelle";"2009";"2009"
"TIME_PERIOD";"Période temporelle";"2008";"2008"
"TIME_PERIOD";"Période temporelle";"2007";"2007"
"TIME_PERIOD";"Période temporelle";"2006";"2006"
"TIME_PERIOD";"Période temporelle";"2005";"2005"
"TIME_PERIOD";"Période temporelle";"2004";"2004"
"TIME_PERIOD";"Période temporelle";"2003";"2003"
"TIME_PERIOD";"Période temporelle";"2002";"2002"
"TIME_PERIOD";"Période temporelle";"2001";"2001"
"TIME_PERIOD";"Période temporelle";"2000";"2000"
"TIME_PERIOD";"Période temporelle";"1999";"1999"
"TIME_PERIOD";"Période temporelle";"1998";"1998"
"TIME_PERIOD";"Période temporelle";"1997";"1997"
"TIME_PERIOD";"Période temporelle";"1996";"1996"
"TIME_PERIOD";"Période temporelle";"1995";"1995"
"TIME_PERIOD";"Période temporelle";"1994";"1994"
"TIME_PERIOD";"Période temporelle";"1993";"1993"
"TIME_PERIOD";"Période temporelle";"1992";"1992"
"TIME_PERIOD";"Période temporelle";"1991";"1991"
"TIME_PERIOD";"Période temporelle";"1990";"1990"
"TIME_PERIOD";"Période temporelle";"1989";"1989"
"TIME_PERIOD";"Période temporelle";"1988";"1988"
"TIME_PERIOD";"Période temporelle";"1987";"1987"
"TIME_PERIOD";"Période temporelle";"1986";"1986"
"TIME_PERIOD";"Période temporelle";"1985";"1985"
"TIME_PERIOD";"Période temporelle";"1984";"1984"
"TIME_PERIOD";"Période temporelle";"1983";"1983"
"TIME_PERIOD";"Période temporelle";"1982";"1982"
"TIME_PERIOD";"Période temporelle";"1981";"1981"
"TIME_PERIOD";"Période temporelle";"1980";"1980"
"TIME_PERIOD";"Période temporelle";"1979";"1979"
"TIME_PERIOD";"Période temporelle";"1978";"1978"
"TIME_PERIOD";"Période temporelle";"1977";"1977"
"TIME_PERIOD";"Période temporelle";"1976";"1976"
"TIME_PERIOD";"Période temporelle";"1975";"1975"
"TIME_PERIOD";"Période temporelle";"1974";"1974"
"TIME_PERIOD";"Période temporelle";"1973";"1973"
"TIME_PERIOD";"Période temporelle";"1972";"1972"
"TIME_PERIOD";"Période temporelle";"1971";"1971"
"TIME_PERIOD";"Période temporelle";"1970";"1970"
"TIME_PERIOD";"Période temporelle";"1969";"1969"
"TIME_PERIOD";"Période temporelle";"1968";"1968"
"TIME_PERIOD";"Période temporelle";"1967";"1967"
"TIME_PERIOD";"Période temporelle";"1966";"1966"
"TIME_PERIOD";"Période temporelle";"1965";"1965"
"TIME_PERIOD";"Période temporelle";"1964";"1964"
"TIME_PERIOD";"Période temporelle";"1963";"1963"
"TIME_PERIOD";"Période temporelle";"1962";"1962"
"TIME_PERIOD";"Période temporelle";"1961";"1961"
"TIME_PERIOD";"Période temporelle";"1960";"1960"
"TIME_PERIOD";"Période temporelle";"1959";"1959"
"TIME_PERIOD";"Période temporelle";"1958";"1958"
"TIME_PERIOD";"Période temporelle";"1957";"1957"
"TIME_PERIOD";"Période temporelle";"1956";"1956"
"TIME_PERIOD";"Période temporelle";"1955";"1955"
"TIME_PERIOD";"Période temporelle";"1954";"1954"
"TIME_PERIOD";"Période temporelle";"1953";"1953"
"TIME_PERIOD";"Période temporelle";"1952";"1952"
"TIME_PERIOD";"Période temporelle";"1951";"1951"
"TIME_PERIOD";"Période temporelle";"1950";"1950"
"TIME_PERIOD";"Période temporelle";"1949";"1949"
"TIME_PERIOD";"Période temporelle";"2024";"2024"
"TRANSFORMATION";"Transformation chronologique";"N";"Aucune"
"TRANSFORMATION";"Transformation chronologique";"GY";"Croissance annuelle "
"TRANSFORMATION";"Transformation chronologique";"GY_IX";"Croissance annuelle de l’indice"
"TRANSFORMATION";"Transformation chronologique";"GR_IX";"Evolution de l’indice en base 100 sur l’année de référence"
"UNIT_MEASURE";"Unité de mesure";"XDC";"Devise nationale (Euros)"
"UNIT_MEASURE";"Unité de mesure";"PT";"Pourcentage"
"UNIT_MEASURE";"Unité de mesure";"IX";"Indice"
"UNIT_MEASURE";"Unité de mesure";"PS";"Personnes"
"UNIT_MEASURE";"Unité de mesure";"FT";"Équivalent temps plein"
"UNIT_MEASURE";"Unité de mesure";"HW";"Heures travaillées"
"UNIT_MEASURE";"Unité de mesure";"DAT";"Durée annuelle travaillée"
"UNIT_MEASURE";"Unité de mesure";"_Z";"Nombre"
"UNIT_MULT";"Quantité d'unités (en puissance de 10)";"6";"Millions"
"UNIT_MULT";"Quantité d'unités (en puissance de 10)";"0";"Unités"
"UNIT_MULT";"Quantité d'unités (en puissance de 10)";"3";"Milliers"
"VALUATION";"Valuation";"S";"Evaluation standard"
"VALUATION";"Valuation";"R";"Valeur de rédemption"